<?xml version="1.0" encoding="UTF-8"?>
<project-private xmlns="http://www.netbeans.org/ns/project-private/1">
    <editor-bookmarks xmlns="http://www.netbeans.org/ns/editor-bookmarks/2" lastBookmarkId="2">
        <file>
            <url>class/SistemaQuery.php</url>
            <bookmark id="1">
                <name/>
                <line>30</line>
                <key/>
            </bookmark>
        </file>
        <file>
            <url>class/PrevNoticia.php</url>
            <bookmark id="2">
                <name/>
                <line>2</line>
                <key/>
            </bookmark>
        </file>
    </editor-bookmarks>
    <open-files xmlns="http://www.netbeans.org/ns/projectui-open-files/2">
        <group>
            <file>file:/C:/wamp64/www/TudoSobreLOL/class/Conexao.php</file>
            <file>file:/C:/wamp64/www/TudoSobreLOL/index.php</file>
            <file>file:/C:/wamp64/www/TudoSobreLOL/class/PaginaPrincipal.php</file>
            <file>file:/C:/wamp64/www/TudoSobreLOL/class/PrevNoticia.php</file>
        </group>
    </open-files>
</project-private>
